<keymap version="1" name="XWin copy" parent="Default for XWin">
  <action id="Diff.FocusOppositePane" />
  <action id="MoveTabRight">
    <keyboard-shortcut first-keystroke="shift ctrl alt down" />
  </action>
  <action id="NextSplitter">
    <keyboard-shortcut first-keystroke="ctrl tab" />
  </action>
  <action id="Switcher">
    <keyboard-shortcut first-keystroke="shift ctrl tab" />
  </action>
  <action id="VcsShowNextChangeMarker" />
  <action id="com.mnw.tabmover.actions.MoveTabToLastAction" />
</keymap>